LeafNode,gate1,gate2,purity,relativeYield,absoluteYield
1,P2,P3,0.75,0.0289855072463768,0.001354096140826
2,P5,P6,0.933566433566434,0.644927536231884,0.0301286391333785
