LeafNode,gate1,gate2,purity,relativeYield,absoluteYield
1,P8,P9,0.794285714285714,0.342364532019704,0.0156849469645678
