LeafNode,gate1,gate2,purity,relativeYield,absoluteYield
1,P11,P12,0.571764705882353,0.84965034965035,0.0822613405551794
2,P14,P15,0.385714285714286,0.0629370629370629,0.00609343263371699
