LeafNode,gate1,gate2,purity,relativeYield,absoluteYield
1,P20,,0.795918367346939,0.107734806629834,0.017603249830738
2,P23,,0.779197080291971,0.589779005524862,0.0963665086887836
