LeafNode,gate1,gate2,purity,relativeYield,absoluteYield
1,P17,P18,0.747855917667238,0.461864406779661,0.0491988264500113
