LeafNode,gate1,gate2,purity,relativeYield,absoluteYield
1,P56,P24,0.978547854785479,0.690337601862631,0.133829835251636
2,P59,P27,0.923954372623574,0.141443538998836,0.0274204468517265
